id,kind,public_path,metadata_path,public_field_set_exactly_seven,public_validation_ok,leakage_free,concrete_problem_task,concrete_input,concrete_output,complexity_included,no_generic_template_phrase,known_input_access_output,source_trace_present,probe_assumptions_explicit,probe_not_end_to_end_explicit,parent_trace_present,recommended_action,severity,issue_codes,human_review_summary
AW-000133-TP0001,probe,corpus\algorithm_wiki\algowiki1901_rich_v1_third_pass\public_probe_recovered\AW-000133-TP0001.yaml,corpus\algorithm_wiki\algowiki1901_rich_v1_third_pass\metadata_probe_recovered\AW-000133-TP0001.meta.yaml,True,True,True,True,True,True,True,True,True,True,True,True,True,ACCEPT,NONE,,"Rich public card passes shape, leakage, source-trace, and semantic checks."
AW-000133-TP0002,probe,corpus\algorithm_wiki\algowiki1901_rich_v1_third_pass\public_probe_recovered\AW-000133-TP0002.yaml,corpus\algorithm_wiki\algowiki1901_rich_v1_third_pass\metadata_probe_recovered\AW-000133-TP0002.meta.yaml,True,True,True,True,True,True,True,True,True,True,True,True,True,ACCEPT,NONE,,"Rich public card passes shape, leakage, source-trace, and semantic checks."
AW-000134-TP0003,probe,corpus\algorithm_wiki\algowiki1901_rich_v1_third_pass\public_probe_recovered\AW-000134-TP0003.yaml,corpus\algorithm_wiki\algowiki1901_rich_v1_third_pass\metadata_probe_recovered\AW-000134-TP0003.meta.yaml,True,True,True,True,True,True,True,True,True,True,True,True,True,ACCEPT,NONE,,"Rich public card passes shape, leakage, source-trace, and semantic checks."
AW-000134-TP0004,probe,corpus\algorithm_wiki\algowiki1901_rich_v1_third_pass\public_probe_recovered\AW-000134-TP0004.yaml,corpus\algorithm_wiki\algowiki1901_rich_v1_third_pass\metadata_probe_recovered\AW-000134-TP0004.meta.yaml,True,True,True,True,True,True,True,True,True,True,True,True,True,ACCEPT,NONE,,"Rich public card passes shape, leakage, source-trace, and semantic checks."
AW-000237-TP0005,probe,corpus\algorithm_wiki\algowiki1901_rich_v1_third_pass\public_probe_recovered\AW-000237-TP0005.yaml,corpus\algorithm_wiki\algowiki1901_rich_v1_third_pass\metadata_probe_recovered\AW-000237-TP0005.meta.yaml,True,True,True,True,True,True,True,True,True,True,True,True,True,ACCEPT,NONE,,"Rich public card passes shape, leakage, source-trace, and semantic checks."
AW-000261-TP0006,probe,corpus\algorithm_wiki\algowiki1901_rich_v1_third_pass\public_probe_recovered\AW-000261-TP0006.yaml,corpus\algorithm_wiki\algowiki1901_rich_v1_third_pass\metadata_probe_recovered\AW-000261-TP0006.meta.yaml,True,True,True,True,True,True,True,True,True,True,True,True,True,ACCEPT,NONE,,"Rich public card passes shape, leakage, source-trace, and semantic checks."
AW-000263-TP0007,probe,corpus\algorithm_wiki\algowiki1901_rich_v1_third_pass\public_probe_recovered\AW-000263-TP0007.yaml,corpus\algorithm_wiki\algowiki1901_rich_v1_third_pass\metadata_probe_recovered\AW-000263-TP0007.meta.yaml,True,True,True,True,True,True,True,True,True,True,True,True,True,ACCEPT,NONE,,"Rich public card passes shape, leakage, source-trace, and semantic checks."
AW-000287-TP0008,probe,corpus\algorithm_wiki\algowiki1901_rich_v1_third_pass\public_probe_recovered\AW-000287-TP0008.yaml,corpus\algorithm_wiki\algowiki1901_rich_v1_third_pass\metadata_probe_recovered\AW-000287-TP0008.meta.yaml,True,True,True,True,True,True,True,True,True,True,True,True,True,ACCEPT,NONE,,"Rich public card passes shape, leakage, source-trace, and semantic checks."
AW-000292-TP0009,probe,corpus\algorithm_wiki\algowiki1901_rich_v1_third_pass\public_probe_recovered\AW-000292-TP0009.yaml,corpus\algorithm_wiki\algowiki1901_rich_v1_third_pass\metadata_probe_recovered\AW-000292-TP0009.meta.yaml,True,True,True,True,True,True,True,True,True,True,True,True,True,ACCEPT,NONE,,"Rich public card passes shape, leakage, source-trace, and semantic checks."
AW-000292-TP0010,probe,corpus\algorithm_wiki\algowiki1901_rich_v1_third_pass\public_probe_recovered\AW-000292-TP0010.yaml,corpus\algorithm_wiki\algowiki1901_rich_v1_third_pass\metadata_probe_recovered\AW-000292-TP0010.meta.yaml,True,True,True,True,True,True,True,True,True,True,True,True,True,ACCEPT,NONE,,"Rich public card passes shape, leakage, source-trace, and semantic checks."
AW-000298-TP0011,probe,corpus\algorithm_wiki\algowiki1901_rich_v1_third_pass\public_probe_recovered\AW-000298-TP0011.yaml,corpus\algorithm_wiki\algowiki1901_rich_v1_third_pass\metadata_probe_recovered\AW-000298-TP0011.meta.yaml,True,True,True,True,True,True,True,True,True,True,True,True,True,ACCEPT,NONE,,"Rich public card passes shape, leakage, source-trace, and semantic checks."
AW-000299-TP0012,probe,corpus\algorithm_wiki\algowiki1901_rich_v1_third_pass\public_probe_recovered\AW-000299-TP0012.yaml,corpus\algorithm_wiki\algowiki1901_rich_v1_third_pass\metadata_probe_recovered\AW-000299-TP0012.meta.yaml,True,True,True,True,True,True,True,True,True,True,True,True,True,ACCEPT,NONE,,"Rich public card passes shape, leakage, source-trace, and semantic checks."
AW-000300-TP0013,probe,corpus\algorithm_wiki\algowiki1901_rich_v1_third_pass\public_probe_recovered\AW-000300-TP0013.yaml,corpus\algorithm_wiki\algowiki1901_rich_v1_third_pass\metadata_probe_recovered\AW-000300-TP0013.meta.yaml,True,True,True,True,True,True,True,True,True,True,True,True,True,ACCEPT,NONE,,"Rich public card passes shape, leakage, source-trace, and semantic checks."
AW-000301-TP0014,probe,corpus\algorithm_wiki\algowiki1901_rich_v1_third_pass\public_probe_recovered\AW-000301-TP0014.yaml,corpus\algorithm_wiki\algowiki1901_rich_v1_third_pass\metadata_probe_recovered\AW-000301-TP0014.meta.yaml,True,True,True,True,True,True,True,True,True,True,True,True,True,ACCEPT,NONE,,"Rich public card passes shape, leakage, source-trace, and semantic checks."
AW-000307-TP0015,probe,corpus\algorithm_wiki\algowiki1901_rich_v1_third_pass\public_probe_recovered\AW-000307-TP0015.yaml,corpus\algorithm_wiki\algowiki1901_rich_v1_third_pass\metadata_probe_recovered\AW-000307-TP0015.meta.yaml,True,True,True,True,True,True,True,True,True,True,True,True,True,ACCEPT,NONE,,"Rich public card passes shape, leakage, source-trace, and semantic checks."
AW-000309-TP0016,probe,corpus\algorithm_wiki\algowiki1901_rich_v1_third_pass\public_probe_recovered\AW-000309-TP0016.yaml,corpus\algorithm_wiki\algowiki1901_rich_v1_third_pass\metadata_probe_recovered\AW-000309-TP0016.meta.yaml,True,True,True,True,True,True,True,True,True,True,True,True,True,ACCEPT,NONE,,"Rich public card passes shape, leakage, source-trace, and semantic checks."
AW-000311-TP0017,probe,corpus\algorithm_wiki\algowiki1901_rich_v1_third_pass\public_probe_recovered\AW-000311-TP0017.yaml,corpus\algorithm_wiki\algowiki1901_rich_v1_third_pass\metadata_probe_recovered\AW-000311-TP0017.meta.yaml,True,True,True,True,True,True,True,True,True,True,True,True,True,ACCEPT,NONE,,"Rich public card passes shape, leakage, source-trace, and semantic checks."
AW-000313-TP0018,probe,corpus\algorithm_wiki\algowiki1901_rich_v1_third_pass\public_probe_recovered\AW-000313-TP0018.yaml,corpus\algorithm_wiki\algowiki1901_rich_v1_third_pass\metadata_probe_recovered\AW-000313-TP0018.meta.yaml,True,True,True,True,True,True,True,True,True,True,True,True,True,ACCEPT,NONE,,"Rich public card passes shape, leakage, source-trace, and semantic checks."
AW-000319-TP0019,probe,corpus\algorithm_wiki\algowiki1901_rich_v1_third_pass\public_probe_recovered\AW-000319-TP0019.yaml,corpus\algorithm_wiki\algowiki1901_rich_v1_third_pass\metadata_probe_recovered\AW-000319-TP0019.meta.yaml,True,True,True,True,True,True,True,True,True,True,True,True,True,ACCEPT,NONE,,"Rich public card passes shape, leakage, source-trace, and semantic checks."
AW-000319-TP0020,probe,corpus\algorithm_wiki\algowiki1901_rich_v1_third_pass\public_probe_recovered\AW-000319-TP0020.yaml,corpus\algorithm_wiki\algowiki1901_rich_v1_third_pass\metadata_probe_recovered\AW-000319-TP0020.meta.yaml,True,True,True,True,True,True,True,True,True,True,True,True,True,ACCEPT,NONE,,"Rich public card passes shape, leakage, source-trace, and semantic checks."
AW-000320-TP0021,probe,corpus\algorithm_wiki\algowiki1901_rich_v1_third_pass\public_probe_recovered\AW-000320-TP0021.yaml,corpus\algorithm_wiki\algowiki1901_rich_v1_third_pass\metadata_probe_recovered\AW-000320-TP0021.meta.yaml,True,True,True,True,True,True,True,True,True,True,True,True,True,ACCEPT,NONE,,"Rich public card passes shape, leakage, source-trace, and semantic checks."
AW-000321-TP0022,probe,corpus\algorithm_wiki\algowiki1901_rich_v1_third_pass\public_probe_recovered\AW-000321-TP0022.yaml,corpus\algorithm_wiki\algowiki1901_rich_v1_third_pass\metadata_probe_recovered\AW-000321-TP0022.meta.yaml,True,True,True,True,True,True,True,True,True,True,True,True,True,ACCEPT,NONE,,"Rich public card passes shape, leakage, source-trace, and semantic checks."
AW-000324-TP0023,probe,corpus\algorithm_wiki\algowiki1901_rich_v1_third_pass\public_probe_recovered\AW-000324-TP0023.yaml,corpus\algorithm_wiki\algowiki1901_rich_v1_third_pass\metadata_probe_recovered\AW-000324-TP0023.meta.yaml,True,True,True,True,True,True,True,True,True,True,True,True,True,ACCEPT,NONE,,"Rich public card passes shape, leakage, source-trace, and semantic checks."
AW-000325-TP0024,probe,corpus\algorithm_wiki\algowiki1901_rich_v1_third_pass\public_probe_recovered\AW-000325-TP0024.yaml,corpus\algorithm_wiki\algowiki1901_rich_v1_third_pass\metadata_probe_recovered\AW-000325-TP0024.meta.yaml,True,True,True,True,True,True,True,True,True,True,True,True,True,ACCEPT,NONE,,"Rich public card passes shape, leakage, source-trace, and semantic checks."
AW-000325-TP0025,probe,corpus\algorithm_wiki\algowiki1901_rich_v1_third_pass\public_probe_recovered\AW-000325-TP0025.yaml,corpus\algorithm_wiki\algowiki1901_rich_v1_third_pass\metadata_probe_recovered\AW-000325-TP0025.meta.yaml,True,True,True,True,True,True,True,True,True,True,True,True,True,ACCEPT,NONE,,"Rich public card passes shape, leakage, source-trace, and semantic checks."
AW-000330-TP0026,probe,corpus\algorithm_wiki\algowiki1901_rich_v1_third_pass\public_probe_recovered\AW-000330-TP0026.yaml,corpus\algorithm_wiki\algowiki1901_rich_v1_third_pass\metadata_probe_recovered\AW-000330-TP0026.meta.yaml,True,True,True,True,True,True,True,True,True,True,True,True,True,ACCEPT,NONE,,"Rich public card passes shape, leakage, source-trace, and semantic checks."
AW-000331-TP0027,probe,corpus\algorithm_wiki\algowiki1901_rich_v1_third_pass\public_probe_recovered\AW-000331-TP0027.yaml,corpus\algorithm_wiki\algowiki1901_rich_v1_third_pass\metadata_probe_recovered\AW-000331-TP0027.meta.yaml,True,True,True,True,True,True,True,True,True,True,True,True,True,ACCEPT,NONE,,"Rich public card passes shape, leakage, source-trace, and semantic checks."
AW-000333-TP0028,probe,corpus\algorithm_wiki\algowiki1901_rich_v1_third_pass\public_probe_recovered\AW-000333-TP0028.yaml,corpus\algorithm_wiki\algowiki1901_rich_v1_third_pass\metadata_probe_recovered\AW-000333-TP0028.meta.yaml,True,True,True,True,True,True,True,True,True,True,True,True,True,ACCEPT,NONE,,"Rich public card passes shape, leakage, source-trace, and semantic checks."
AW-000333-TP0029,probe,corpus\algorithm_wiki\algowiki1901_rich_v1_third_pass\public_probe_recovered\AW-000333-TP0029.yaml,corpus\algorithm_wiki\algowiki1901_rich_v1_third_pass\metadata_probe_recovered\AW-000333-TP0029.meta.yaml,True,True,True,True,True,True,True,True,True,True,True,True,True,ACCEPT,NONE,,"Rich public card passes shape, leakage, source-trace, and semantic checks."
AW-000334-TP0030,probe,corpus\algorithm_wiki\algowiki1901_rich_v1_third_pass\public_probe_recovered\AW-000334-TP0030.yaml,corpus\algorithm_wiki\algowiki1901_rich_v1_third_pass\metadata_probe_recovered\AW-000334-TP0030.meta.yaml,True,True,True,True,True,True,True,True,True,True,True,True,True,ACCEPT,NONE,,"Rich public card passes shape, leakage, source-trace, and semantic checks."
AW-000335-TP0031,probe,corpus\algorithm_wiki\algowiki1901_rich_v1_third_pass\public_probe_recovered\AW-000335-TP0031.yaml,corpus\algorithm_wiki\algowiki1901_rich_v1_third_pass\metadata_probe_recovered\AW-000335-TP0031.meta.yaml,True,True,True,True,True,True,True,True,True,True,True,True,True,ACCEPT,NONE,,"Rich public card passes shape, leakage, source-trace, and semantic checks."
AW-000337-TP0032,probe,corpus\algorithm_wiki\algowiki1901_rich_v1_third_pass\public_probe_recovered\AW-000337-TP0032.yaml,corpus\algorithm_wiki\algowiki1901_rich_v1_third_pass\metadata_probe_recovered\AW-000337-TP0032.meta.yaml,True,True,True,True,True,True,True,True,True,True,True,True,True,ACCEPT,NONE,,"Rich public card passes shape, leakage, source-trace, and semantic checks."
AW-000342-TP0033,probe,corpus\algorithm_wiki\algowiki1901_rich_v1_third_pass\public_probe_recovered\AW-000342-TP0033.yaml,corpus\algorithm_wiki\algowiki1901_rich_v1_third_pass\metadata_probe_recovered\AW-000342-TP0033.meta.yaml,True,True,True,True,True,True,True,True,True,True,True,True,True,ACCEPT,NONE,,"Rich public card passes shape, leakage, source-trace, and semantic checks."
AW-000345-TP0034,probe,corpus\algorithm_wiki\algowiki1901_rich_v1_third_pass\public_probe_recovered\AW-000345-TP0034.yaml,corpus\algorithm_wiki\algowiki1901_rich_v1_third_pass\metadata_probe_recovered\AW-000345-TP0034.meta.yaml,True,True,True,True,True,True,True,True,True,True,True,True,True,ACCEPT,NONE,,"Rich public card passes shape, leakage, source-trace, and semantic checks."
AW-000345-TP0035,probe,corpus\algorithm_wiki\algowiki1901_rich_v1_third_pass\public_probe_recovered\AW-000345-TP0035.yaml,corpus\algorithm_wiki\algowiki1901_rich_v1_third_pass\metadata_probe_recovered\AW-000345-TP0035.meta.yaml,True,True,True,True,True,True,True,True,True,True,True,True,True,ACCEPT,NONE,,"Rich public card passes shape, leakage, source-trace, and semantic checks."
AW-000346-TP0036,probe,corpus\algorithm_wiki\algowiki1901_rich_v1_third_pass\public_probe_recovered\AW-000346-TP0036.yaml,corpus\algorithm_wiki\algowiki1901_rich_v1_third_pass\metadata_probe_recovered\AW-000346-TP0036.meta.yaml,True,True,True,True,True,True,True,True,True,True,True,True,True,ACCEPT,NONE,,"Rich public card passes shape, leakage, source-trace, and semantic checks."
AW-000347-TP0037,probe,corpus\algorithm_wiki\algowiki1901_rich_v1_third_pass\public_probe_recovered\AW-000347-TP0037.yaml,corpus\algorithm_wiki\algowiki1901_rich_v1_third_pass\metadata_probe_recovered\AW-000347-TP0037.meta.yaml,True,True,True,True,True,True,True,True,True,True,True,True,True,ACCEPT,NONE,,"Rich public card passes shape, leakage, source-trace, and semantic checks."
AW-000351-TP0038,probe,corpus\algorithm_wiki\algowiki1901_rich_v1_third_pass\public_probe_recovered\AW-000351-TP0038.yaml,corpus\algorithm_wiki\algowiki1901_rich_v1_third_pass\metadata_probe_recovered\AW-000351-TP0038.meta.yaml,True,True,True,True,True,True,True,True,True,True,True,True,True,ACCEPT,NONE,,"Rich public card passes shape, leakage, source-trace, and semantic checks."
AW-000352-TP0039,probe,corpus\algorithm_wiki\algowiki1901_rich_v1_third_pass\public_probe_recovered\AW-000352-TP0039.yaml,corpus\algorithm_wiki\algowiki1901_rich_v1_third_pass\metadata_probe_recovered\AW-000352-TP0039.meta.yaml,True,True,True,True,True,True,True,True,True,True,True,True,True,ACCEPT,NONE,,"Rich public card passes shape, leakage, source-trace, and semantic checks."
AW-000353-TP0040,probe,corpus\algorithm_wiki\algowiki1901_rich_v1_third_pass\public_probe_recovered\AW-000353-TP0040.yaml,corpus\algorithm_wiki\algowiki1901_rich_v1_third_pass\metadata_probe_recovered\AW-000353-TP0040.meta.yaml,True,True,True,True,True,True,True,True,True,True,True,True,True,ACCEPT,NONE,,"Rich public card passes shape, leakage, source-trace, and semantic checks."
AW-000354-TP0041,probe,corpus\algorithm_wiki\algowiki1901_rich_v1_third_pass\public_probe_recovered\AW-000354-TP0041.yaml,corpus\algorithm_wiki\algowiki1901_rich_v1_third_pass\metadata_probe_recovered\AW-000354-TP0041.meta.yaml,True,True,True,True,True,True,True,True,True,True,True,True,True,ACCEPT,NONE,,"Rich public card passes shape, leakage, source-trace, and semantic checks."
AW-000355-TP0042,probe,corpus\algorithm_wiki\algowiki1901_rich_v1_third_pass\public_probe_recovered\AW-000355-TP0042.yaml,corpus\algorithm_wiki\algowiki1901_rich_v1_third_pass\metadata_probe_recovered\AW-000355-TP0042.meta.yaml,True,True,True,True,True,True,True,True,True,True,True,True,True,ACCEPT,NONE,,"Rich public card passes shape, leakage, source-trace, and semantic checks."
AW-000355-TP0043,probe,corpus\algorithm_wiki\algowiki1901_rich_v1_third_pass\public_probe_recovered\AW-000355-TP0043.yaml,corpus\algorithm_wiki\algowiki1901_rich_v1_third_pass\metadata_probe_recovered\AW-000355-TP0043.meta.yaml,True,True,True,True,True,True,True,True,True,True,True,True,True,ACCEPT,NONE,,"Rich public card passes shape, leakage, source-trace, and semantic checks."
AW-000356-TP0044,probe,corpus\algorithm_wiki\algowiki1901_rich_v1_third_pass\public_probe_recovered\AW-000356-TP0044.yaml,corpus\algorithm_wiki\algowiki1901_rich_v1_third_pass\metadata_probe_recovered\AW-000356-TP0044.meta.yaml,True,True,True,True,True,True,True,True,True,True,True,True,True,ACCEPT,NONE,,"Rich public card passes shape, leakage, source-trace, and semantic checks."
AW-000356-TP0045,probe,corpus\algorithm_wiki\algowiki1901_rich_v1_third_pass\public_probe_recovered\AW-000356-TP0045.yaml,corpus\algorithm_wiki\algowiki1901_rich_v1_third_pass\metadata_probe_recovered\AW-000356-TP0045.meta.yaml,True,True,True,True,True,True,True,True,True,True,True,True,True,ACCEPT,NONE,,"Rich public card passes shape, leakage, source-trace, and semantic checks."
AW-000357-TP0046,probe,corpus\algorithm_wiki\algowiki1901_rich_v1_third_pass\public_probe_recovered\AW-000357-TP0046.yaml,corpus\algorithm_wiki\algowiki1901_rich_v1_third_pass\metadata_probe_recovered\AW-000357-TP0046.meta.yaml,True,True,True,True,True,True,True,True,True,True,True,True,True,ACCEPT,NONE,,"Rich public card passes shape, leakage, source-trace, and semantic checks."
AW-000357-TP0047,probe,corpus\algorithm_wiki\algowiki1901_rich_v1_third_pass\public_probe_recovered\AW-000357-TP0047.yaml,corpus\algorithm_wiki\algowiki1901_rich_v1_third_pass\metadata_probe_recovered\AW-000357-TP0047.meta.yaml,True,True,True,True,True,True,True,True,True,True,True,True,True,ACCEPT,NONE,,"Rich public card passes shape, leakage, source-trace, and semantic checks."
AW-000358-TP0048,probe,corpus\algorithm_wiki\algowiki1901_rich_v1_third_pass\public_probe_recovered\AW-000358-TP0048.yaml,corpus\algorithm_wiki\algowiki1901_rich_v1_third_pass\metadata_probe_recovered\AW-000358-TP0048.meta.yaml,True,True,True,True,True,True,True,True,True,True,True,True,True,ACCEPT,NONE,,"Rich public card passes shape, leakage, source-trace, and semantic checks."
AW-000358-TP0049,probe,corpus\algorithm_wiki\algowiki1901_rich_v1_third_pass\public_probe_recovered\AW-000358-TP0049.yaml,corpus\algorithm_wiki\algowiki1901_rich_v1_third_pass\metadata_probe_recovered\AW-000358-TP0049.meta.yaml,True,True,True,True,True,True,True,True,True,True,True,True,True,ACCEPT,NONE,,"Rich public card passes shape, leakage, source-trace, and semantic checks."
AW-000359-TP0050,probe,corpus\algorithm_wiki\algowiki1901_rich_v1_third_pass\public_probe_recovered\AW-000359-TP0050.yaml,corpus\algorithm_wiki\algowiki1901_rich_v1_third_pass\metadata_probe_recovered\AW-000359-TP0050.meta.yaml,True,True,True,True,True,True,True,True,True,True,True,True,True,ACCEPT,NONE,,"Rich public card passes shape, leakage, source-trace, and semantic checks."
AW-000359-TP0051,probe,corpus\algorithm_wiki\algowiki1901_rich_v1_third_pass\public_probe_recovered\AW-000359-TP0051.yaml,corpus\algorithm_wiki\algowiki1901_rich_v1_third_pass\metadata_probe_recovered\AW-000359-TP0051.meta.yaml,True,True,True,True,True,True,True,True,True,True,True,True,True,ACCEPT,NONE,,"Rich public card passes shape, leakage, source-trace, and semantic checks."
AW-000360-TP0052,probe,corpus\algorithm_wiki\algowiki1901_rich_v1_third_pass\public_probe_recovered\AW-000360-TP0052.yaml,corpus\algorithm_wiki\algowiki1901_rich_v1_third_pass\metadata_probe_recovered\AW-000360-TP0052.meta.yaml,True,True,True,True,True,True,True,True,True,True,True,True,True,ACCEPT,NONE,,"Rich public card passes shape, leakage, source-trace, and semantic checks."
AW-000361-TP0053,probe,corpus\algorithm_wiki\algowiki1901_rich_v1_third_pass\public_probe_recovered\AW-000361-TP0053.yaml,corpus\algorithm_wiki\algowiki1901_rich_v1_third_pass\metadata_probe_recovered\AW-000361-TP0053.meta.yaml,True,True,True,True,True,True,True,True,True,True,True,True,True,ACCEPT,NONE,,"Rich public card passes shape, leakage, source-trace, and semantic checks."
AW-000362-TP0054,probe,corpus\algorithm_wiki\algowiki1901_rich_v1_third_pass\public_probe_recovered\AW-000362-TP0054.yaml,corpus\algorithm_wiki\algowiki1901_rich_v1_third_pass\metadata_probe_recovered\AW-000362-TP0054.meta.yaml,True,True,True,True,True,True,True,True,True,True,True,True,True,ACCEPT,NONE,,"Rich public card passes shape, leakage, source-trace, and semantic checks."
AW-000363-TP0055,probe,corpus\algorithm_wiki\algowiki1901_rich_v1_third_pass\public_probe_recovered\AW-000363-TP0055.yaml,corpus\algorithm_wiki\algowiki1901_rich_v1_third_pass\metadata_probe_recovered\AW-000363-TP0055.meta.yaml,True,True,True,True,True,True,True,True,True,True,True,True,True,ACCEPT,NONE,,"Rich public card passes shape, leakage, source-trace, and semantic checks."
AW-000364-TP0056,probe,corpus\algorithm_wiki\algowiki1901_rich_v1_third_pass\public_probe_recovered\AW-000364-TP0056.yaml,corpus\algorithm_wiki\algowiki1901_rich_v1_third_pass\metadata_probe_recovered\AW-000364-TP0056.meta.yaml,True,True,True,True,True,True,True,True,True,True,True,True,True,ACCEPT,NONE,,"Rich public card passes shape, leakage, source-trace, and semantic checks."
AW-000365-TP0057,probe,corpus\algorithm_wiki\algowiki1901_rich_v1_third_pass\public_probe_recovered\AW-000365-TP0057.yaml,corpus\algorithm_wiki\algowiki1901_rich_v1_third_pass\metadata_probe_recovered\AW-000365-TP0057.meta.yaml,True,True,True,True,True,True,True,True,True,True,True,True,True,ACCEPT,NONE,,"Rich public card passes shape, leakage, source-trace, and semantic checks."
AW-000366-TP0058,probe,corpus\algorithm_wiki\algowiki1901_rich_v1_third_pass\public_probe_recovered\AW-000366-TP0058.yaml,corpus\algorithm_wiki\algowiki1901_rich_v1_third_pass\metadata_probe_recovered\AW-000366-TP0058.meta.yaml,True,True,True,True,True,True,True,True,True,True,True,True,True,ACCEPT,NONE,,"Rich public card passes shape, leakage, source-trace, and semantic checks."
AW-000367-TP0059,probe,corpus\algorithm_wiki\algowiki1901_rich_v1_third_pass\public_probe_recovered\AW-000367-TP0059.yaml,corpus\algorithm_wiki\algowiki1901_rich_v1_third_pass\metadata_probe_recovered\AW-000367-TP0059.meta.yaml,True,True,True,True,True,True,True,True,True,True,True,True,True,ACCEPT,NONE,,"Rich public card passes shape, leakage, source-trace, and semantic checks."
AW-000368-TP0060,probe,corpus\algorithm_wiki\algowiki1901_rich_v1_third_pass\public_probe_recovered\AW-000368-TP0060.yaml,corpus\algorithm_wiki\algowiki1901_rich_v1_third_pass\metadata_probe_recovered\AW-000368-TP0060.meta.yaml,True,True,True,True,True,True,True,True,True,True,True,True,True,ACCEPT,NONE,,"Rich public card passes shape, leakage, source-trace, and semantic checks."
AW-000369-TP0061,probe,corpus\algorithm_wiki\algowiki1901_rich_v1_third_pass\public_probe_recovered\AW-000369-TP0061.yaml,corpus\algorithm_wiki\algowiki1901_rich_v1_third_pass\metadata_probe_recovered\AW-000369-TP0061.meta.yaml,True,True,True,True,True,True,True,True,True,True,True,True,True,ACCEPT,NONE,,"Rich public card passes shape, leakage, source-trace, and semantic checks."
AW-000370-TP0062,probe,corpus\algorithm_wiki\algowiki1901_rich_v1_third_pass\public_probe_recovered\AW-000370-TP0062.yaml,corpus\algorithm_wiki\algowiki1901_rich_v1_third_pass\metadata_probe_recovered\AW-000370-TP0062.meta.yaml,True,True,True,True,True,True,True,True,True,True,True,True,True,ACCEPT,NONE,,"Rich public card passes shape, leakage, source-trace, and semantic checks."
AW-000371-TP0063,probe,corpus\algorithm_wiki\algowiki1901_rich_v1_third_pass\public_probe_recovered\AW-000371-TP0063.yaml,corpus\algorithm_wiki\algowiki1901_rich_v1_third_pass\metadata_probe_recovered\AW-000371-TP0063.meta.yaml,True,True,True,True,True,True,True,True,True,True,True,True,True,ACCEPT,NONE,,"Rich public card passes shape, leakage, source-trace, and semantic checks."
AW-000372-TP0064,probe,corpus\algorithm_wiki\algowiki1901_rich_v1_third_pass\public_probe_recovered\AW-000372-TP0064.yaml,corpus\algorithm_wiki\algowiki1901_rich_v1_third_pass\metadata_probe_recovered\AW-000372-TP0064.meta.yaml,True,True,True,True,True,True,True,True,True,True,True,True,True,ACCEPT,NONE,,"Rich public card passes shape, leakage, source-trace, and semantic checks."
AW-000373-TP0065,probe,corpus\algorithm_wiki\algowiki1901_rich_v1_third_pass\public_probe_recovered\AW-000373-TP0065.yaml,corpus\algorithm_wiki\algowiki1901_rich_v1_third_pass\metadata_probe_recovered\AW-000373-TP0065.meta.yaml,True,True,True,True,True,True,True,True,True,True,True,True,True,ACCEPT,NONE,,"Rich public card passes shape, leakage, source-trace, and semantic checks."
AW-000373-TP0066,probe,corpus\algorithm_wiki\algowiki1901_rich_v1_third_pass\public_probe_recovered\AW-000373-TP0066.yaml,corpus\algorithm_wiki\algowiki1901_rich_v1_third_pass\metadata_probe_recovered\AW-000373-TP0066.meta.yaml,True,True,True,True,True,True,True,True,True,True,True,True,True,ACCEPT,NONE,,"Rich public card passes shape, leakage, source-trace, and semantic checks."
AW-000374-TP0067,probe,corpus\algorithm_wiki\algowiki1901_rich_v1_third_pass\public_probe_recovered\AW-000374-TP0067.yaml,corpus\algorithm_wiki\algowiki1901_rich_v1_third_pass\metadata_probe_recovered\AW-000374-TP0067.meta.yaml,True,True,True,True,True,True,True,True,True,True,True,True,True,ACCEPT,NONE,,"Rich public card passes shape, leakage, source-trace, and semantic checks."
AW-000375-TP0068,probe,corpus\algorithm_wiki\algowiki1901_rich_v1_third_pass\public_probe_recovered\AW-000375-TP0068.yaml,corpus\algorithm_wiki\algowiki1901_rich_v1_third_pass\metadata_probe_recovered\AW-000375-TP0068.meta.yaml,True,True,True,True,True,True,True,True,True,True,True,True,True,ACCEPT,NONE,,"Rich public card passes shape, leakage, source-trace, and semantic checks."
AW-000375-TP0069,probe,corpus\algorithm_wiki\algowiki1901_rich_v1_third_pass\public_probe_recovered\AW-000375-TP0069.yaml,corpus\algorithm_wiki\algowiki1901_rich_v1_third_pass\metadata_probe_recovered\AW-000375-TP0069.meta.yaml,True,True,True,True,True,True,True,True,True,True,True,True,True,ACCEPT,NONE,,"Rich public card passes shape, leakage, source-trace, and semantic checks."
AW-000376-TP0070,probe,corpus\algorithm_wiki\algowiki1901_rich_v1_third_pass\public_probe_recovered\AW-000376-TP0070.yaml,corpus\algorithm_wiki\algowiki1901_rich_v1_third_pass\metadata_probe_recovered\AW-000376-TP0070.meta.yaml,True,True,True,True,True,True,True,True,True,True,True,True,True,ACCEPT,NONE,,"Rich public card passes shape, leakage, source-trace, and semantic checks."
AW-000378-TP0071,probe,corpus\algorithm_wiki\algowiki1901_rich_v1_third_pass\public_probe_recovered\AW-000378-TP0071.yaml,corpus\algorithm_wiki\algowiki1901_rich_v1_third_pass\metadata_probe_recovered\AW-000378-TP0071.meta.yaml,True,True,True,True,True,True,True,True,True,True,True,True,True,ACCEPT,NONE,,"Rich public card passes shape, leakage, source-trace, and semantic checks."
AW-000379-TP0072,probe,corpus\algorithm_wiki\algowiki1901_rich_v1_third_pass\public_probe_recovered\AW-000379-TP0072.yaml,corpus\algorithm_wiki\algowiki1901_rich_v1_third_pass\metadata_probe_recovered\AW-000379-TP0072.meta.yaml,True,True,True,True,True,True,True,True,True,True,True,True,True,ACCEPT,NONE,,"Rich public card passes shape, leakage, source-trace, and semantic checks."
AW-000382-TP0073,probe,corpus\algorithm_wiki\algowiki1901_rich_v1_third_pass\public_probe_recovered\AW-000382-TP0073.yaml,corpus\algorithm_wiki\algowiki1901_rich_v1_third_pass\metadata_probe_recovered\AW-000382-TP0073.meta.yaml,True,True,True,True,True,True,True,True,True,True,True,True,True,ACCEPT,NONE,,"Rich public card passes shape, leakage, source-trace, and semantic checks."
AW-000383-TP0074,probe,corpus\algorithm_wiki\algowiki1901_rich_v1_third_pass\public_probe_recovered\AW-000383-TP0074.yaml,corpus\algorithm_wiki\algowiki1901_rich_v1_third_pass\metadata_probe_recovered\AW-000383-TP0074.meta.yaml,True,True,True,True,True,True,True,True,True,True,True,True,True,ACCEPT,NONE,,"Rich public card passes shape, leakage, source-trace, and semantic checks."
AW-000383-TP0075,probe,corpus\algorithm_wiki\algowiki1901_rich_v1_third_pass\public_probe_recovered\AW-000383-TP0075.yaml,corpus\algorithm_wiki\algowiki1901_rich_v1_third_pass\metadata_probe_recovered\AW-000383-TP0075.meta.yaml,True,True,True,True,True,True,True,True,True,True,True,True,True,ACCEPT,NONE,,"Rich public card passes shape, leakage, source-trace, and semantic checks."
AW-000384-TP0076,probe,corpus\algorithm_wiki\algowiki1901_rich_v1_third_pass\public_probe_recovered\AW-000384-TP0076.yaml,corpus\algorithm_wiki\algowiki1901_rich_v1_third_pass\metadata_probe_recovered\AW-000384-TP0076.meta.yaml,True,True,True,True,True,True,True,True,True,True,True,True,True,ACCEPT,NONE,,"Rich public card passes shape, leakage, source-trace, and semantic checks."
AW-000384-TP0077,probe,corpus\algorithm_wiki\algowiki1901_rich_v1_third_pass\public_probe_recovered\AW-000384-TP0077.yaml,corpus\algorithm_wiki\algowiki1901_rich_v1_third_pass\metadata_probe_recovered\AW-000384-TP0077.meta.yaml,True,True,True,True,True,True,True,True,True,True,True,True,True,ACCEPT,NONE,,"Rich public card passes shape, leakage, source-trace, and semantic checks."
AW-000385-TP0078,probe,corpus\algorithm_wiki\algowiki1901_rich_v1_third_pass\public_probe_recovered\AW-000385-TP0078.yaml,corpus\algorithm_wiki\algowiki1901_rich_v1_third_pass\metadata_probe_recovered\AW-000385-TP0078.meta.yaml,True,True,True,True,True,True,True,True,True,True,True,True,True,ACCEPT,NONE,,"Rich public card passes shape, leakage, source-trace, and semantic checks."
AW-000388-TP0079,probe,corpus\algorithm_wiki\algowiki1901_rich_v1_third_pass\public_probe_recovered\AW-000388-TP0079.yaml,corpus\algorithm_wiki\algowiki1901_rich_v1_third_pass\metadata_probe_recovered\AW-000388-TP0079.meta.yaml,True,True,True,True,True,True,True,True,True,True,True,True,True,ACCEPT,NONE,,"Rich public card passes shape, leakage, source-trace, and semantic checks."
AW-000390-TP0080,probe,corpus\algorithm_wiki\algowiki1901_rich_v1_third_pass\public_probe_recovered\AW-000390-TP0080.yaml,corpus\algorithm_wiki\algowiki1901_rich_v1_third_pass\metadata_probe_recovered\AW-000390-TP0080.meta.yaml,True,True,True,True,True,True,True,True,True,True,True,True,True,ACCEPT,NONE,,"Rich public card passes shape, leakage, source-trace, and semantic checks."
AW-000390-TP0081,probe,corpus\algorithm_wiki\algowiki1901_rich_v1_third_pass\public_probe_recovered\AW-000390-TP0081.yaml,corpus\algorithm_wiki\algowiki1901_rich_v1_third_pass\metadata_probe_recovered\AW-000390-TP0081.meta.yaml,True,True,True,True,True,True,True,True,True,True,True,True,True,ACCEPT,NONE,,"Rich public card passes shape, leakage, source-trace, and semantic checks."
AW-000392-TP0082,probe,corpus\algorithm_wiki\algowiki1901_rich_v1_third_pass\public_probe_recovered\AW-000392-TP0082.yaml,corpus\algorithm_wiki\algowiki1901_rich_v1_third_pass\metadata_probe_recovered\AW-000392-TP0082.meta.yaml,True,True,True,True,True,True,True,True,True,True,True,True,True,ACCEPT,NONE,,"Rich public card passes shape, leakage, source-trace, and semantic checks."
AW-000394-TP0083,probe,corpus\algorithm_wiki\algowiki1901_rich_v1_third_pass\public_probe_recovered\AW-000394-TP0083.yaml,corpus\algorithm_wiki\algowiki1901_rich_v1_third_pass\metadata_probe_recovered\AW-000394-TP0083.meta.yaml,True,True,True,True,True,True,True,True,True,True,True,True,True,ACCEPT,NONE,,"Rich public card passes shape, leakage, source-trace, and semantic checks."
AW-000395-TP0084,probe,corpus\algorithm_wiki\algowiki1901_rich_v1_third_pass\public_probe_recovered\AW-000395-TP0084.yaml,corpus\algorithm_wiki\algowiki1901_rich_v1_third_pass\metadata_probe_recovered\AW-000395-TP0084.meta.yaml,True,True,True,True,True,True,True,True,True,True,True,True,True,ACCEPT,NONE,,"Rich public card passes shape, leakage, source-trace, and semantic checks."
AW-000395-TP0085,probe,corpus\algorithm_wiki\algowiki1901_rich_v1_third_pass\public_probe_recovered\AW-000395-TP0085.yaml,corpus\algorithm_wiki\algowiki1901_rich_v1_third_pass\metadata_probe_recovered\AW-000395-TP0085.meta.yaml,True,True,True,True,True,True,True,True,True,True,True,True,True,ACCEPT,NONE,,"Rich public card passes shape, leakage, source-trace, and semantic checks."
AW-000417-TP0086,probe,corpus\algorithm_wiki\algowiki1901_rich_v1_third_pass\public_probe_recovered\AW-000417-TP0086.yaml,corpus\algorithm_wiki\algowiki1901_rich_v1_third_pass\metadata_probe_recovered\AW-000417-TP0086.meta.yaml,True,True,True,True,True,True,True,True,True,True,True,True,True,ACCEPT,NONE,,"Rich public card passes shape, leakage, source-trace, and semantic checks."
AW-000418-TP0087,probe,corpus\algorithm_wiki\algowiki1901_rich_v1_third_pass\public_probe_recovered\AW-000418-TP0087.yaml,corpus\algorithm_wiki\algowiki1901_rich_v1_third_pass\metadata_probe_recovered\AW-000418-TP0087.meta.yaml,True,True,True,True,True,True,True,True,True,True,True,True,True,ACCEPT,NONE,,"Rich public card passes shape, leakage, source-trace, and semantic checks."
AW-000477-TP0088,probe,corpus\algorithm_wiki\algowiki1901_rich_v1_third_pass\public_probe_recovered\AW-000477-TP0088.yaml,corpus\algorithm_wiki\algowiki1901_rich_v1_third_pass\metadata_probe_recovered\AW-000477-TP0088.meta.yaml,True,True,True,True,True,True,True,True,True,True,True,True,True,ACCEPT,NONE,,"Rich public card passes shape, leakage, source-trace, and semantic checks."
AW-000486-TP0089,probe,corpus\algorithm_wiki\algowiki1901_rich_v1_third_pass\public_probe_recovered\AW-000486-TP0089.yaml,corpus\algorithm_wiki\algowiki1901_rich_v1_third_pass\metadata_probe_recovered\AW-000486-TP0089.meta.yaml,True,True,True,True,True,True,True,True,True,True,True,True,True,ACCEPT,NONE,,"Rich public card passes shape, leakage, source-trace, and semantic checks."
AW-000486-TP0090,probe,corpus\algorithm_wiki\algowiki1901_rich_v1_third_pass\public_probe_recovered\AW-000486-TP0090.yaml,corpus\algorithm_wiki\algowiki1901_rich_v1_third_pass\metadata_probe_recovered\AW-000486-TP0090.meta.yaml,True,True,True,True,True,True,True,True,True,True,True,True,True,ACCEPT,NONE,,"Rich public card passes shape, leakage, source-trace, and semantic checks."
AW-000487-TP0091,probe,corpus\algorithm_wiki\algowiki1901_rich_v1_third_pass\public_probe_recovered\AW-000487-TP0091.yaml,corpus\algorithm_wiki\algowiki1901_rich_v1_third_pass\metadata_probe_recovered\AW-000487-TP0091.meta.yaml,True,True,True,True,True,True,True,True,True,True,True,True,True,ACCEPT,NONE,,"Rich public card passes shape, leakage, source-trace, and semantic checks."
AW-000487-TP0092,probe,corpus\algorithm_wiki\algowiki1901_rich_v1_third_pass\public_probe_recovered\AW-000487-TP0092.yaml,corpus\algorithm_wiki\algowiki1901_rich_v1_third_pass\metadata_probe_recovered\AW-000487-TP0092.meta.yaml,True,True,True,True,True,True,True,True,True,True,True,True,True,ACCEPT,NONE,,"Rich public card passes shape, leakage, source-trace, and semantic checks."
AW-000496-TP0093,probe,corpus\algorithm_wiki\algowiki1901_rich_v1_third_pass\public_probe_recovered\AW-000496-TP0093.yaml,corpus\algorithm_wiki\algowiki1901_rich_v1_third_pass\metadata_probe_recovered\AW-000496-TP0093.meta.yaml,True,True,True,True,True,True,True,True,True,True,True,True,True,ACCEPT,NONE,,"Rich public card passes shape, leakage, source-trace, and semantic checks."
AW-000496-TP0094,probe,corpus\algorithm_wiki\algowiki1901_rich_v1_third_pass\public_probe_recovered\AW-000496-TP0094.yaml,corpus\algorithm_wiki\algowiki1901_rich_v1_third_pass\metadata_probe_recovered\AW-000496-TP0094.meta.yaml,True,True,True,True,True,True,True,True,True,True,True,True,True,ACCEPT,NONE,,"Rich public card passes shape, leakage, source-trace, and semantic checks."
AW-000536-TP0095,probe,corpus\algorithm_wiki\algowiki1901_rich_v1_third_pass\public_probe_recovered\AW-000536-TP0095.yaml,corpus\algorithm_wiki\algowiki1901_rich_v1_third_pass\metadata_probe_recovered\AW-000536-TP0095.meta.yaml,True,True,True,True,True,True,True,True,True,True,True,True,True,ACCEPT,NONE,,"Rich public card passes shape, leakage, source-trace, and semantic checks."
AW-000548-TP0096,probe,corpus\algorithm_wiki\algowiki1901_rich_v1_third_pass\public_probe_recovered\AW-000548-TP0096.yaml,corpus\algorithm_wiki\algowiki1901_rich_v1_third_pass\metadata_probe_recovered\AW-000548-TP0096.meta.yaml,True,True,True,True,True,True,True,True,True,True,True,True,True,ACCEPT,NONE,,"Rich public card passes shape, leakage, source-trace, and semantic checks."
AW-000548-TP0097,probe,corpus\algorithm_wiki\algowiki1901_rich_v1_third_pass\public_probe_recovered\AW-000548-TP0097.yaml,corpus\algorithm_wiki\algowiki1901_rich_v1_third_pass\metadata_probe_recovered\AW-000548-TP0097.meta.yaml,True,True,True,True,True,True,True,True,True,True,True,True,True,ACCEPT,NONE,,"Rich public card passes shape, leakage, source-trace, and semantic checks."
AW-000561-TP0098,probe,corpus\algorithm_wiki\algowiki1901_rich_v1_third_pass\public_probe_recovered\AW-000561-TP0098.yaml,corpus\algorithm_wiki\algowiki1901_rich_v1_third_pass\metadata_probe_recovered\AW-000561-TP0098.meta.yaml,True,True,True,True,True,True,True,True,True,True,True,True,True,ACCEPT,NONE,,"Rich public card passes shape, leakage, source-trace, and semantic checks."
AW-000561-TP0099,probe,corpus\algorithm_wiki\algowiki1901_rich_v1_third_pass\public_probe_recovered\AW-000561-TP0099.yaml,corpus\algorithm_wiki\algowiki1901_rich_v1_third_pass\metadata_probe_recovered\AW-000561-TP0099.meta.yaml,True,True,True,True,True,True,True,True,True,True,True,True,True,ACCEPT,NONE,,"Rich public card passes shape, leakage, source-trace, and semantic checks."
AW-000593-TP0100,probe,corpus\algorithm_wiki\algowiki1901_rich_v1_third_pass\public_probe_recovered\AW-000593-TP0100.yaml,corpus\algorithm_wiki\algowiki1901_rich_v1_third_pass\metadata_probe_recovered\AW-000593-TP0100.meta.yaml,True,True,True,True,True,True,True,True,True,True,True,True,True,ACCEPT,NONE,,"Rich public card passes shape, leakage, source-trace, and semantic checks."
AW-000593-TP0101,probe,corpus\algorithm_wiki\algowiki1901_rich_v1_third_pass\public_probe_recovered\AW-000593-TP0101.yaml,corpus\algorithm_wiki\algowiki1901_rich_v1_third_pass\metadata_probe_recovered\AW-000593-TP0101.meta.yaml,True,True,True,True,True,True,True,True,True,True,True,True,True,ACCEPT,NONE,,"Rich public card passes shape, leakage, source-trace, and semantic checks."
AW-000594-TP0102,probe,corpus\algorithm_wiki\algowiki1901_rich_v1_third_pass\public_probe_recovered\AW-000594-TP0102.yaml,corpus\algorithm_wiki\algowiki1901_rich_v1_third_pass\metadata_probe_recovered\AW-000594-TP0102.meta.yaml,True,True,True,True,True,True,True,True,True,True,True,True,True,ACCEPT,NONE,,"Rich public card passes shape, leakage, source-trace, and semantic checks."
AW-000594-TP0103,probe,corpus\algorithm_wiki\algowiki1901_rich_v1_third_pass\public_probe_recovered\AW-000594-TP0103.yaml,corpus\algorithm_wiki\algowiki1901_rich_v1_third_pass\metadata_probe_recovered\AW-000594-TP0103.meta.yaml,True,True,True,True,True,True,True,True,True,True,True,True,True,ACCEPT,NONE,,"Rich public card passes shape, leakage, source-trace, and semantic checks."
AW-000601-TP0104,probe,corpus\algorithm_wiki\algowiki1901_rich_v1_third_pass\public_probe_recovered\AW-000601-TP0104.yaml,corpus\algorithm_wiki\algowiki1901_rich_v1_third_pass\metadata_probe_recovered\AW-000601-TP0104.meta.yaml,True,True,True,True,True,True,True,True,True,True,True,True,True,ACCEPT,NONE,,"Rich public card passes shape, leakage, source-trace, and semantic checks."
AW-000601-TP0105,probe,corpus\algorithm_wiki\algowiki1901_rich_v1_third_pass\public_probe_recovered\AW-000601-TP0105.yaml,corpus\algorithm_wiki\algowiki1901_rich_v1_third_pass\metadata_probe_recovered\AW-000601-TP0105.meta.yaml,True,True,True,True,True,True,True,True,True,True,True,True,True,ACCEPT,NONE,,"Rich public card passes shape, leakage, source-trace, and semantic checks."
AW-000602-TP0106,probe,corpus\algorithm_wiki\algowiki1901_rich_v1_third_pass\public_probe_recovered\AW-000602-TP0106.yaml,corpus\algorithm_wiki\algowiki1901_rich_v1_third_pass\metadata_probe_recovered\AW-000602-TP0106.meta.yaml,True,True,True,True,True,True,True,True,True,True,True,True,True,ACCEPT,NONE,,"Rich public card passes shape, leakage, source-trace, and semantic checks."
AW-000602-TP0107,probe,corpus\algorithm_wiki\algowiki1901_rich_v1_third_pass\public_probe_recovered\AW-000602-TP0107.yaml,corpus\algorithm_wiki\algowiki1901_rich_v1_third_pass\metadata_probe_recovered\AW-000602-TP0107.meta.yaml,True,True,True,True,True,True,True,True,True,True,True,True,True,ACCEPT,NONE,,"Rich public card passes shape, leakage, source-trace, and semantic checks."
AW-000603-TP0108,probe,corpus\algorithm_wiki\algowiki1901_rich_v1_third_pass\public_probe_recovered\AW-000603-TP0108.yaml,corpus\algorithm_wiki\algowiki1901_rich_v1_third_pass\metadata_probe_recovered\AW-000603-TP0108.meta.yaml,True,True,True,True,True,True,True,True,True,True,True,True,True,ACCEPT,NONE,,"Rich public card passes shape, leakage, source-trace, and semantic checks."
AW-000603-TP0109,probe,corpus\algorithm_wiki\algowiki1901_rich_v1_third_pass\public_probe_recovered\AW-000603-TP0109.yaml,corpus\algorithm_wiki\algowiki1901_rich_v1_third_pass\metadata_probe_recovered\AW-000603-TP0109.meta.yaml,True,True,True,True,True,True,True,True,True,True,True,True,True,ACCEPT,NONE,,"Rich public card passes shape, leakage, source-trace, and semantic checks."
AW-000604-TP0110,probe,corpus\algorithm_wiki\algowiki1901_rich_v1_third_pass\public_probe_recovered\AW-000604-TP0110.yaml,corpus\algorithm_wiki\algowiki1901_rich_v1_third_pass\metadata_probe_recovered\AW-000604-TP0110.meta.yaml,True,True,True,True,True,True,True,True,True,True,True,True,True,ACCEPT,NONE,,"Rich public card passes shape, leakage, source-trace, and semantic checks."
AW-000604-TP0111,probe,corpus\algorithm_wiki\algowiki1901_rich_v1_third_pass\public_probe_recovered\AW-000604-TP0111.yaml,corpus\algorithm_wiki\algowiki1901_rich_v1_third_pass\metadata_probe_recovered\AW-000604-TP0111.meta.yaml,True,True,True,True,True,True,True,True,True,True,True,True,True,ACCEPT,NONE,,"Rich public card passes shape, leakage, source-trace, and semantic checks."
AW-000605-TP0112,probe,corpus\algorithm_wiki\algowiki1901_rich_v1_third_pass\public_probe_recovered\AW-000605-TP0112.yaml,corpus\algorithm_wiki\algowiki1901_rich_v1_third_pass\metadata_probe_recovered\AW-000605-TP0112.meta.yaml,True,True,True,True,True,True,True,True,True,True,True,True,True,ACCEPT,NONE,,"Rich public card passes shape, leakage, source-trace, and semantic checks."
AW-000605-TP0113,probe,corpus\algorithm_wiki\algowiki1901_rich_v1_third_pass\public_probe_recovered\AW-000605-TP0113.yaml,corpus\algorithm_wiki\algowiki1901_rich_v1_third_pass\metadata_probe_recovered\AW-000605-TP0113.meta.yaml,True,True,True,True,True,True,True,True,True,True,True,True,True,ACCEPT,NONE,,"Rich public card passes shape, leakage, source-trace, and semantic checks."
AW-000606-TP0114,probe,corpus\algorithm_wiki\algowiki1901_rich_v1_third_pass\public_probe_recovered\AW-000606-TP0114.yaml,corpus\algorithm_wiki\algowiki1901_rich_v1_third_pass\metadata_probe_recovered\AW-000606-TP0114.meta.yaml,True,True,True,True,True,True,True,True,True,True,True,True,True,ACCEPT,NONE,,"Rich public card passes shape, leakage, source-trace, and semantic checks."
AW-000606-TP0115,probe,corpus\algorithm_wiki\algowiki1901_rich_v1_third_pass\public_probe_recovered\AW-000606-TP0115.yaml,corpus\algorithm_wiki\algowiki1901_rich_v1_third_pass\metadata_probe_recovered\AW-000606-TP0115.meta.yaml,True,True,True,True,True,True,True,True,True,True,True,True,True,ACCEPT,NONE,,"Rich public card passes shape, leakage, source-trace, and semantic checks."
AW-000613-TP0116,probe,corpus\algorithm_wiki\algowiki1901_rich_v1_third_pass\public_probe_recovered\AW-000613-TP0116.yaml,corpus\algorithm_wiki\algowiki1901_rich_v1_third_pass\metadata_probe_recovered\AW-000613-TP0116.meta.yaml,True,True,True,True,True,True,True,True,True,True,True,True,True,ACCEPT,NONE,,"Rich public card passes shape, leakage, source-trace, and semantic checks."
AW-000613-TP0117,probe,corpus\algorithm_wiki\algowiki1901_rich_v1_third_pass\public_probe_recovered\AW-000613-TP0117.yaml,corpus\algorithm_wiki\algowiki1901_rich_v1_third_pass\metadata_probe_recovered\AW-000613-TP0117.meta.yaml,True,True,True,True,True,True,True,True,True,True,True,True,True,ACCEPT,NONE,,"Rich public card passes shape, leakage, source-trace, and semantic checks."
AW-000631-TP0118,probe,corpus\algorithm_wiki\algowiki1901_rich_v1_third_pass\public_probe_recovered\AW-000631-TP0118.yaml,corpus\algorithm_wiki\algowiki1901_rich_v1_third_pass\metadata_probe_recovered\AW-000631-TP0118.meta.yaml,True,True,True,True,True,True,True,True,True,True,True,True,True,ACCEPT,NONE,,"Rich public card passes shape, leakage, source-trace, and semantic checks."
AW-000631-TP0119,probe,corpus\algorithm_wiki\algowiki1901_rich_v1_third_pass\public_probe_recovered\AW-000631-TP0119.yaml,corpus\algorithm_wiki\algowiki1901_rich_v1_third_pass\metadata_probe_recovered\AW-000631-TP0119.meta.yaml,True,True,True,True,True,True,True,True,True,True,True,True,True,ACCEPT,NONE,,"Rich public card passes shape, leakage, source-trace, and semantic checks."
AW-000632-TP0120,probe,corpus\algorithm_wiki\algowiki1901_rich_v1_third_pass\public_probe_recovered\AW-000632-TP0120.yaml,corpus\algorithm_wiki\algowiki1901_rich_v1_third_pass\metadata_probe_recovered\AW-000632-TP0120.meta.yaml,True,True,True,True,True,True,True,True,True,True,True,True,True,ACCEPT,NONE,,"Rich public card passes shape, leakage, source-trace, and semantic checks."
AW-000632-TP0121,probe,corpus\algorithm_wiki\algowiki1901_rich_v1_third_pass\public_probe_recovered\AW-000632-TP0121.yaml,corpus\algorithm_wiki\algowiki1901_rich_v1_third_pass\metadata_probe_recovered\AW-000632-TP0121.meta.yaml,True,True,True,True,True,True,True,True,True,True,True,True,True,ACCEPT,NONE,,"Rich public card passes shape, leakage, source-trace, and semantic checks."
AW-000647-TP0122,probe,corpus\algorithm_wiki\algowiki1901_rich_v1_third_pass\public_probe_recovered\AW-000647-TP0122.yaml,corpus\algorithm_wiki\algowiki1901_rich_v1_third_pass\metadata_probe_recovered\AW-000647-TP0122.meta.yaml,True,True,True,True,True,True,True,True,True,True,True,True,True,ACCEPT,NONE,,"Rich public card passes shape, leakage, source-trace, and semantic checks."
AW-000649-TP0123,probe,corpus\algorithm_wiki\algowiki1901_rich_v1_third_pass\public_probe_recovered\AW-000649-TP0123.yaml,corpus\algorithm_wiki\algowiki1901_rich_v1_third_pass\metadata_probe_recovered\AW-000649-TP0123.meta.yaml,True,True,True,True,True,True,True,True,True,True,True,True,True,ACCEPT,NONE,,"Rich public card passes shape, leakage, source-trace, and semantic checks."
AW-000668-TP0124,probe,corpus\algorithm_wiki\algowiki1901_rich_v1_third_pass\public_probe_recovered\AW-000668-TP0124.yaml,corpus\algorithm_wiki\algowiki1901_rich_v1_third_pass\metadata_probe_recovered\AW-000668-TP0124.meta.yaml,True,True,True,True,True,True,True,True,True,True,True,True,True,ACCEPT,NONE,,"Rich public card passes shape, leakage, source-trace, and semantic checks."
AW-000668-TP0125,probe,corpus\algorithm_wiki\algowiki1901_rich_v1_third_pass\public_probe_recovered\AW-000668-TP0125.yaml,corpus\algorithm_wiki\algowiki1901_rich_v1_third_pass\metadata_probe_recovered\AW-000668-TP0125.meta.yaml,True,True,True,True,True,True,True,True,True,True,True,True,True,ACCEPT,NONE,,"Rich public card passes shape, leakage, source-trace, and semantic checks."
AW-000671-TP0126,probe,corpus\algorithm_wiki\algowiki1901_rich_v1_third_pass\public_probe_recovered\AW-000671-TP0126.yaml,corpus\algorithm_wiki\algowiki1901_rich_v1_third_pass\metadata_probe_recovered\AW-000671-TP0126.meta.yaml,True,True,True,True,True,True,True,True,True,True,True,True,True,ACCEPT,NONE,,"Rich public card passes shape, leakage, source-trace, and semantic checks."
AW-000680-TP0127,probe,corpus\algorithm_wiki\algowiki1901_rich_v1_third_pass\public_probe_recovered\AW-000680-TP0127.yaml,corpus\algorithm_wiki\algowiki1901_rich_v1_third_pass\metadata_probe_recovered\AW-000680-TP0127.meta.yaml,True,True,True,True,True,True,True,True,True,True,True,True,True,ACCEPT,NONE,,"Rich public card passes shape, leakage, source-trace, and semantic checks."
AW-000680-TP0128,probe,corpus\algorithm_wiki\algowiki1901_rich_v1_third_pass\public_probe_recovered\AW-000680-TP0128.yaml,corpus\algorithm_wiki\algowiki1901_rich_v1_third_pass\metadata_probe_recovered\AW-000680-TP0128.meta.yaml,True,True,True,True,True,True,True,True,True,True,True,True,True,ACCEPT,NONE,,"Rich public card passes shape, leakage, source-trace, and semantic checks."
AW-000681-TP0129,probe,corpus\algorithm_wiki\algowiki1901_rich_v1_third_pass\public_probe_recovered\AW-000681-TP0129.yaml,corpus\algorithm_wiki\algowiki1901_rich_v1_third_pass\metadata_probe_recovered\AW-000681-TP0129.meta.yaml,True,True,True,True,True,True,True,True,True,True,True,True,True,ACCEPT,NONE,,"Rich public card passes shape, leakage, source-trace, and semantic checks."
AW-000682-TP0130,probe,corpus\algorithm_wiki\algowiki1901_rich_v1_third_pass\public_probe_recovered\AW-000682-TP0130.yaml,corpus\algorithm_wiki\algowiki1901_rich_v1_third_pass\metadata_probe_recovered\AW-000682-TP0130.meta.yaml,True,True,True,True,True,True,True,True,True,True,True,True,True,ACCEPT,NONE,,"Rich public card passes shape, leakage, source-trace, and semantic checks."
AW-000682-TP0131,probe,corpus\algorithm_wiki\algowiki1901_rich_v1_third_pass\public_probe_recovered\AW-000682-TP0131.yaml,corpus\algorithm_wiki\algowiki1901_rich_v1_third_pass\metadata_probe_recovered\AW-000682-TP0131.meta.yaml,True,True,True,True,True,True,True,True,True,True,True,True,True,ACCEPT,NONE,,"Rich public card passes shape, leakage, source-trace, and semantic checks."
AW-000683-TP0132,probe,corpus\algorithm_wiki\algowiki1901_rich_v1_third_pass\public_probe_recovered\AW-000683-TP0132.yaml,corpus\algorithm_wiki\algowiki1901_rich_v1_third_pass\metadata_probe_recovered\AW-000683-TP0132.meta.yaml,True,True,True,True,True,True,True,True,True,True,True,True,True,ACCEPT,NONE,,"Rich public card passes shape, leakage, source-trace, and semantic checks."
AW-000683-TP0133,probe,corpus\algorithm_wiki\algowiki1901_rich_v1_third_pass\public_probe_recovered\AW-000683-TP0133.yaml,corpus\algorithm_wiki\algowiki1901_rich_v1_third_pass\metadata_probe_recovered\AW-000683-TP0133.meta.yaml,True,True,True,True,True,True,True,True,True,True,True,True,True,ACCEPT,NONE,,"Rich public card passes shape, leakage, source-trace, and semantic checks."
AW-000684-TP0134,probe,corpus\algorithm_wiki\algowiki1901_rich_v1_third_pass\public_probe_recovered\AW-000684-TP0134.yaml,corpus\algorithm_wiki\algowiki1901_rich_v1_third_pass\metadata_probe_recovered\AW-000684-TP0134.meta.yaml,True,True,True,True,True,True,True,True,True,True,True,True,True,ACCEPT,NONE,,"Rich public card passes shape, leakage, source-trace, and semantic checks."
AW-000684-TP0135,probe,corpus\algorithm_wiki\algowiki1901_rich_v1_third_pass\public_probe_recovered\AW-000684-TP0135.yaml,corpus\algorithm_wiki\algowiki1901_rich_v1_third_pass\metadata_probe_recovered\AW-000684-TP0135.meta.yaml,True,True,True,True,True,True,True,True,True,True,True,True,True,ACCEPT,NONE,,"Rich public card passes shape, leakage, source-trace, and semantic checks."
AW-000690-TP0136,probe,corpus\algorithm_wiki\algowiki1901_rich_v1_third_pass\public_probe_recovered\AW-000690-TP0136.yaml,corpus\algorithm_wiki\algowiki1901_rich_v1_third_pass\metadata_probe_recovered\AW-000690-TP0136.meta.yaml,True,True,True,True,True,True,True,True,True,True,True,True,True,ACCEPT,NONE,,"Rich public card passes shape, leakage, source-trace, and semantic checks."
AW-000701-TP0137,probe,corpus\algorithm_wiki\algowiki1901_rich_v1_third_pass\public_probe_recovered\AW-000701-TP0137.yaml,corpus\algorithm_wiki\algowiki1901_rich_v1_third_pass\metadata_probe_recovered\AW-000701-TP0137.meta.yaml,True,True,True,True,True,True,True,True,True,True,True,True,True,ACCEPT,NONE,,"Rich public card passes shape, leakage, source-trace, and semantic checks."
AW-000702-TP0138,probe,corpus\algorithm_wiki\algowiki1901_rich_v1_third_pass\public_probe_recovered\AW-000702-TP0138.yaml,corpus\algorithm_wiki\algowiki1901_rich_v1_third_pass\metadata_probe_recovered\AW-000702-TP0138.meta.yaml,True,True,True,True,True,True,True,True,True,True,True,True,True,ACCEPT,NONE,,"Rich public card passes shape, leakage, source-trace, and semantic checks."
AW-000703-TP0139,probe,corpus\algorithm_wiki\algowiki1901_rich_v1_third_pass\public_probe_recovered\AW-000703-TP0139.yaml,corpus\algorithm_wiki\algowiki1901_rich_v1_third_pass\metadata_probe_recovered\AW-000703-TP0139.meta.yaml,True,True,True,True,True,True,True,True,True,True,True,True,True,ACCEPT,NONE,,"Rich public card passes shape, leakage, source-trace, and semantic checks."
AW-000704-TP0140,probe,corpus\algorithm_wiki\algowiki1901_rich_v1_third_pass\public_probe_recovered\AW-000704-TP0140.yaml,corpus\algorithm_wiki\algowiki1901_rich_v1_third_pass\metadata_probe_recovered\AW-000704-TP0140.meta.yaml,True,True,True,True,True,True,True,True,True,True,True,True,True,ACCEPT,NONE,,"Rich public card passes shape, leakage, source-trace, and semantic checks."
AW-000707-TP0141,probe,corpus\algorithm_wiki\algowiki1901_rich_v1_third_pass\public_probe_recovered\AW-000707-TP0141.yaml,corpus\algorithm_wiki\algowiki1901_rich_v1_third_pass\metadata_probe_recovered\AW-000707-TP0141.meta.yaml,True,True,True,True,True,True,True,True,True,True,True,True,True,ACCEPT,NONE,,"Rich public card passes shape, leakage, source-trace, and semantic checks."
AW-000718-TP0142,probe,corpus\algorithm_wiki\algowiki1901_rich_v1_third_pass\public_probe_recovered\AW-000718-TP0142.yaml,corpus\algorithm_wiki\algowiki1901_rich_v1_third_pass\metadata_probe_recovered\AW-000718-TP0142.meta.yaml,True,True,True,True,True,True,True,True,True,True,True,True,True,ACCEPT,NONE,,"Rich public card passes shape, leakage, source-trace, and semantic checks."
AW-000718-TP0143,probe,corpus\algorithm_wiki\algowiki1901_rich_v1_third_pass\public_probe_recovered\AW-000718-TP0143.yaml,corpus\algorithm_wiki\algowiki1901_rich_v1_third_pass\metadata_probe_recovered\AW-000718-TP0143.meta.yaml,True,True,True,True,True,True,True,True,True,True,True,True,True,ACCEPT,NONE,,"Rich public card passes shape, leakage, source-trace, and semantic checks."
AW-000736-TP0144,probe,corpus\algorithm_wiki\algowiki1901_rich_v1_third_pass\public_probe_recovered\AW-000736-TP0144.yaml,corpus\algorithm_wiki\algowiki1901_rich_v1_third_pass\metadata_probe_recovered\AW-000736-TP0144.meta.yaml,True,True,True,True,True,True,True,True,True,True,True,True,True,ACCEPT,NONE,,"Rich public card passes shape, leakage, source-trace, and semantic checks."
AW-000737-TP0145,probe,corpus\algorithm_wiki\algowiki1901_rich_v1_third_pass\public_probe_recovered\AW-000737-TP0145.yaml,corpus\algorithm_wiki\algowiki1901_rich_v1_third_pass\metadata_probe_recovered\AW-000737-TP0145.meta.yaml,True,True,True,True,True,True,True,True,True,True,True,True,True,ACCEPT,NONE,,"Rich public card passes shape, leakage, source-trace, and semantic checks."
AW-000738-TP0146,probe,corpus\algorithm_wiki\algowiki1901_rich_v1_third_pass\public_probe_recovered\AW-000738-TP0146.yaml,corpus\algorithm_wiki\algowiki1901_rich_v1_third_pass\metadata_probe_recovered\AW-000738-TP0146.meta.yaml,True,True,True,True,True,True,True,True,True,True,True,True,True,ACCEPT,NONE,,"Rich public card passes shape, leakage, source-trace, and semantic checks."
AW-000748-TP0147,probe,corpus\algorithm_wiki\algowiki1901_rich_v1_third_pass\public_probe_recovered\AW-000748-TP0147.yaml,corpus\algorithm_wiki\algowiki1901_rich_v1_third_pass\metadata_probe_recovered\AW-000748-TP0147.meta.yaml,True,True,True,True,True,True,True,True,True,True,True,True,True,ACCEPT,NONE,,"Rich public card passes shape, leakage, source-trace, and semantic checks."
AW-000751-TP0148,probe,corpus\algorithm_wiki\algowiki1901_rich_v1_third_pass\public_probe_recovered\AW-000751-TP0148.yaml,corpus\algorithm_wiki\algowiki1901_rich_v1_third_pass\metadata_probe_recovered\AW-000751-TP0148.meta.yaml,True,True,True,True,True,True,True,True,True,True,True,True,True,ACCEPT,NONE,,"Rich public card passes shape, leakage, source-trace, and semantic checks."
AW-000766-TP0149,probe,corpus\algorithm_wiki\algowiki1901_rich_v1_third_pass\public_probe_recovered\AW-000766-TP0149.yaml,corpus\algorithm_wiki\algowiki1901_rich_v1_third_pass\metadata_probe_recovered\AW-000766-TP0149.meta.yaml,True,True,True,True,True,True,True,True,True,True,True,True,True,ACCEPT,NONE,,"Rich public card passes shape, leakage, source-trace, and semantic checks."
AW-000766-TP0150,probe,corpus\algorithm_wiki\algowiki1901_rich_v1_third_pass\public_probe_recovered\AW-000766-TP0150.yaml,corpus\algorithm_wiki\algowiki1901_rich_v1_third_pass\metadata_probe_recovered\AW-000766-TP0150.meta.yaml,True,True,True,True,True,True,True,True,True,True,True,True,True,ACCEPT,NONE,,"Rich public card passes shape, leakage, source-trace, and semantic checks."
AW-000767-TP0151,probe,corpus\algorithm_wiki\algowiki1901_rich_v1_third_pass\public_probe_recovered\AW-000767-TP0151.yaml,corpus\algorithm_wiki\algowiki1901_rich_v1_third_pass\metadata_probe_recovered\AW-000767-TP0151.meta.yaml,True,True,True,True,True,True,True,True,True,True,True,True,True,ACCEPT,NONE,,"Rich public card passes shape, leakage, source-trace, and semantic checks."
AW-000767-TP0152,probe,corpus\algorithm_wiki\algowiki1901_rich_v1_third_pass\public_probe_recovered\AW-000767-TP0152.yaml,corpus\algorithm_wiki\algowiki1901_rich_v1_third_pass\metadata_probe_recovered\AW-000767-TP0152.meta.yaml,True,True,True,True,True,True,True,True,True,True,True,True,True,ACCEPT,NONE,,"Rich public card passes shape, leakage, source-trace, and semantic checks."
AW-000784-TP0153,probe,corpus\algorithm_wiki\algowiki1901_rich_v1_third_pass\public_probe_recovered\AW-000784-TP0153.yaml,corpus\algorithm_wiki\algowiki1901_rich_v1_third_pass\metadata_probe_recovered\AW-000784-TP0153.meta.yaml,True,True,True,True,True,True,True,True,True,True,True,True,True,ACCEPT,NONE,,"Rich public card passes shape, leakage, source-trace, and semantic checks."
AW-000784-TP0154,probe,corpus\algorithm_wiki\algowiki1901_rich_v1_third_pass\public_probe_recovered\AW-000784-TP0154.yaml,corpus\algorithm_wiki\algowiki1901_rich_v1_third_pass\metadata_probe_recovered\AW-000784-TP0154.meta.yaml,True,True,True,True,True,True,True,True,True,True,True,True,True,ACCEPT,NONE,,"Rich public card passes shape, leakage, source-trace, and semantic checks."
AW-000823-TP0155,probe,corpus\algorithm_wiki\algowiki1901_rich_v1_third_pass\public_probe_recovered\AW-000823-TP0155.yaml,corpus\algorithm_wiki\algowiki1901_rich_v1_third_pass\metadata_probe_recovered\AW-000823-TP0155.meta.yaml,True,True,True,True,True,True,True,True,True,True,True,True,True,ACCEPT,NONE,,"Rich public card passes shape, leakage, source-trace, and semantic checks."
AW-000823-TP0156,probe,corpus\algorithm_wiki\algowiki1901_rich_v1_third_pass\public_probe_recovered\AW-000823-TP0156.yaml,corpus\algorithm_wiki\algowiki1901_rich_v1_third_pass\metadata_probe_recovered\AW-000823-TP0156.meta.yaml,True,True,True,True,True,True,True,True,True,True,True,True,True,ACCEPT,NONE,,"Rich public card passes shape, leakage, source-trace, and semantic checks."
AW-000825-TP0157,probe,corpus\algorithm_wiki\algowiki1901_rich_v1_third_pass\public_probe_recovered\AW-000825-TP0157.yaml,corpus\algorithm_wiki\algowiki1901_rich_v1_third_pass\metadata_probe_recovered\AW-000825-TP0157.meta.yaml,True,True,True,True,True,True,True,True,True,True,True,True,True,ACCEPT,NONE,,"Rich public card passes shape, leakage, source-trace, and semantic checks."
AW-000825-TP0158,probe,corpus\algorithm_wiki\algowiki1901_rich_v1_third_pass\public_probe_recovered\AW-000825-TP0158.yaml,corpus\algorithm_wiki\algowiki1901_rich_v1_third_pass\metadata_probe_recovered\AW-000825-TP0158.meta.yaml,True,True,True,True,True,True,True,True,True,True,True,True,True,ACCEPT,NONE,,"Rich public card passes shape, leakage, source-trace, and semantic checks."
AW-000847-TP0159,probe,corpus\algorithm_wiki\algowiki1901_rich_v1_third_pass\public_probe_recovered\AW-000847-TP0159.yaml,corpus\algorithm_wiki\algowiki1901_rich_v1_third_pass\metadata_probe_recovered\AW-000847-TP0159.meta.yaml,True,True,True,True,True,True,True,True,True,True,True,True,True,ACCEPT,NONE,,"Rich public card passes shape, leakage, source-trace, and semantic checks."
AW-000847-TP0160,probe,corpus\algorithm_wiki\algowiki1901_rich_v1_third_pass\public_probe_recovered\AW-000847-TP0160.yaml,corpus\algorithm_wiki\algowiki1901_rich_v1_third_pass\metadata_probe_recovered\AW-000847-TP0160.meta.yaml,True,True,True,True,True,True,True,True,True,True,True,True,True,ACCEPT,NONE,,"Rich public card passes shape, leakage, source-trace, and semantic checks."
AW-000848-TP0161,probe,corpus\algorithm_wiki\algowiki1901_rich_v1_third_pass\public_probe_recovered\AW-000848-TP0161.yaml,corpus\algorithm_wiki\algowiki1901_rich_v1_third_pass\metadata_probe_recovered\AW-000848-TP0161.meta.yaml,True,True,True,True,True,True,True,True,True,True,True,True,True,ACCEPT,NONE,,"Rich public card passes shape, leakage, source-trace, and semantic checks."
AW-000848-TP0162,probe,corpus\algorithm_wiki\algowiki1901_rich_v1_third_pass\public_probe_recovered\AW-000848-TP0162.yaml,corpus\algorithm_wiki\algowiki1901_rich_v1_third_pass\metadata_probe_recovered\AW-000848-TP0162.meta.yaml,True,True,True,True,True,True,True,True,True,True,True,True,True,ACCEPT,NONE,,"Rich public card passes shape, leakage, source-trace, and semantic checks."
AW-000860-TP0163,probe,corpus\algorithm_wiki\algowiki1901_rich_v1_third_pass\public_probe_recovered\AW-000860-TP0163.yaml,corpus\algorithm_wiki\algowiki1901_rich_v1_third_pass\metadata_probe_recovered\AW-000860-TP0163.meta.yaml,True,True,True,True,True,True,True,True,True,True,True,True,True,ACCEPT,NONE,,"Rich public card passes shape, leakage, source-trace, and semantic checks."
AW-000860-TP0164,probe,corpus\algorithm_wiki\algowiki1901_rich_v1_third_pass\public_probe_recovered\AW-000860-TP0164.yaml,corpus\algorithm_wiki\algowiki1901_rich_v1_third_pass\metadata_probe_recovered\AW-000860-TP0164.meta.yaml,True,True,True,True,True,True,True,True,True,True,True,True,True,ACCEPT,NONE,,"Rich public card passes shape, leakage, source-trace, and semantic checks."
AW-000879-TP0165,probe,corpus\algorithm_wiki\algowiki1901_rich_v1_third_pass\public_probe_recovered\AW-000879-TP0165.yaml,corpus\algorithm_wiki\algowiki1901_rich_v1_third_pass\metadata_probe_recovered\AW-000879-TP0165.meta.yaml,True,True,True,True,True,True,True,True,True,True,True,True,True,ACCEPT,NONE,,"Rich public card passes shape, leakage, source-trace, and semantic checks."
AW-000879-TP0166,probe,corpus\algorithm_wiki\algowiki1901_rich_v1_third_pass\public_probe_recovered\AW-000879-TP0166.yaml,corpus\algorithm_wiki\algowiki1901_rich_v1_third_pass\metadata_probe_recovered\AW-000879-TP0166.meta.yaml,True,True,True,True,True,True,True,True,True,True,True,True,True,ACCEPT,NONE,,"Rich public card passes shape, leakage, source-trace, and semantic checks."
AW-000883-TP0167,probe,corpus\algorithm_wiki\algowiki1901_rich_v1_third_pass\public_probe_recovered\AW-000883-TP0167.yaml,corpus\algorithm_wiki\algowiki1901_rich_v1_third_pass\metadata_probe_recovered\AW-000883-TP0167.meta.yaml,True,True,True,True,True,True,True,True,True,True,True,True,True,ACCEPT,NONE,,"Rich public card passes shape, leakage, source-trace, and semantic checks."
AW-000892-TP0168,probe,corpus\algorithm_wiki\algowiki1901_rich_v1_third_pass\public_probe_recovered\AW-000892-TP0168.yaml,corpus\algorithm_wiki\algowiki1901_rich_v1_third_pass\metadata_probe_recovered\AW-000892-TP0168.meta.yaml,True,True,True,True,True,True,True,True,True,True,True,True,True,ACCEPT,NONE,,"Rich public card passes shape, leakage, source-trace, and semantic checks."
AW-000898-TP0169,probe,corpus\algorithm_wiki\algowiki1901_rich_v1_third_pass\public_probe_recovered\AW-000898-TP0169.yaml,corpus\algorithm_wiki\algowiki1901_rich_v1_third_pass\metadata_probe_recovered\AW-000898-TP0169.meta.yaml,True,True,True,True,True,True,True,True,True,True,True,True,True,ACCEPT,NONE,,"Rich public card passes shape, leakage, source-trace, and semantic checks."
AW-000903-TP0170,probe,corpus\algorithm_wiki\algowiki1901_rich_v1_third_pass\public_probe_recovered\AW-000903-TP0170.yaml,corpus\algorithm_wiki\algowiki1901_rich_v1_third_pass\metadata_probe_recovered\AW-000903-TP0170.meta.yaml,True,True,True,True,True,True,True,True,True,True,True,True,True,ACCEPT,NONE,,"Rich public card passes shape, leakage, source-trace, and semantic checks."
AW-000985-TP0171,probe,corpus\algorithm_wiki\algowiki1901_rich_v1_third_pass\public_probe_recovered\AW-000985-TP0171.yaml,corpus\algorithm_wiki\algowiki1901_rich_v1_third_pass\metadata_probe_recovered\AW-000985-TP0171.meta.yaml,True,True,True,True,True,True,True,True,True,True,True,True,True,ACCEPT,NONE,,"Rich public card passes shape, leakage, source-trace, and semantic checks."
AW-000986-TP0172,probe,corpus\algorithm_wiki\algowiki1901_rich_v1_third_pass\public_probe_recovered\AW-000986-TP0172.yaml,corpus\algorithm_wiki\algowiki1901_rich_v1_third_pass\metadata_probe_recovered\AW-000986-TP0172.meta.yaml,True,True,True,True,True,True,True,True,True,True,True,True,True,ACCEPT,NONE,,"Rich public card passes shape, leakage, source-trace, and semantic checks."
AW-000987-TP0173,probe,corpus\algorithm_wiki\algowiki1901_rich_v1_third_pass\public_probe_recovered\AW-000987-TP0173.yaml,corpus\algorithm_wiki\algowiki1901_rich_v1_third_pass\metadata_probe_recovered\AW-000987-TP0173.meta.yaml,True,True,True,True,True,True,True,True,True,True,True,True,True,ACCEPT,NONE,,"Rich public card passes shape, leakage, source-trace, and semantic checks."
AW-000988-TP0174,probe,corpus\algorithm_wiki\algowiki1901_rich_v1_third_pass\public_probe_recovered\AW-000988-TP0174.yaml,corpus\algorithm_wiki\algowiki1901_rich_v1_third_pass\metadata_probe_recovered\AW-000988-TP0174.meta.yaml,True,True,True,True,True,True,True,True,True,True,True,True,True,ACCEPT,NONE,,"Rich public card passes shape, leakage, source-trace, and semantic checks."
AW-000988-TP0175,probe,corpus\algorithm_wiki\algowiki1901_rich_v1_third_pass\public_probe_recovered\AW-000988-TP0175.yaml,corpus\algorithm_wiki\algowiki1901_rich_v1_third_pass\metadata_probe_recovered\AW-000988-TP0175.meta.yaml,True,True,True,True,True,True,True,True,True,True,True,True,True,ACCEPT,NONE,,"Rich public card passes shape, leakage, source-trace, and semantic checks."
AW-000989-TP0176,probe,corpus\algorithm_wiki\algowiki1901_rich_v1_third_pass\public_probe_recovered\AW-000989-TP0176.yaml,corpus\algorithm_wiki\algowiki1901_rich_v1_third_pass\metadata_probe_recovered\AW-000989-TP0176.meta.yaml,True,True,True,True,True,True,True,True,True,True,True,True,True,ACCEPT,NONE,,"Rich public card passes shape, leakage, source-trace, and semantic checks."
AW-000989-TP0177,probe,corpus\algorithm_wiki\algowiki1901_rich_v1_third_pass\public_probe_recovered\AW-000989-TP0177.yaml,corpus\algorithm_wiki\algowiki1901_rich_v1_third_pass\metadata_probe_recovered\AW-000989-TP0177.meta.yaml,True,True,True,True,True,True,True,True,True,True,True,True,True,ACCEPT,NONE,,"Rich public card passes shape, leakage, source-trace, and semantic checks."
AW-001014-TP0178,probe,corpus\algorithm_wiki\algowiki1901_rich_v1_third_pass\public_probe_recovered\AW-001014-TP0178.yaml,corpus\algorithm_wiki\algowiki1901_rich_v1_third_pass\metadata_probe_recovered\AW-001014-TP0178.meta.yaml,True,True,True,True,True,True,True,True,True,True,True,True,True,ACCEPT,NONE,,"Rich public card passes shape, leakage, source-trace, and semantic checks."
AW-001014-TP0179,probe,corpus\algorithm_wiki\algowiki1901_rich_v1_third_pass\public_probe_recovered\AW-001014-TP0179.yaml,corpus\algorithm_wiki\algowiki1901_rich_v1_third_pass\metadata_probe_recovered\AW-001014-TP0179.meta.yaml,True,True,True,True,True,True,True,True,True,True,True,True,True,ACCEPT,NONE,,"Rich public card passes shape, leakage, source-trace, and semantic checks."
AW-001015-TP0180,probe,corpus\algorithm_wiki\algowiki1901_rich_v1_third_pass\public_probe_recovered\AW-001015-TP0180.yaml,corpus\algorithm_wiki\algowiki1901_rich_v1_third_pass\metadata_probe_recovered\AW-001015-TP0180.meta.yaml,True,True,True,True,True,True,True,True,True,True,True,True,True,ACCEPT,NONE,,"Rich public card passes shape, leakage, source-trace, and semantic checks."
AW-001015-TP0181,probe,corpus\algorithm_wiki\algowiki1901_rich_v1_third_pass\public_probe_recovered\AW-001015-TP0181.yaml,corpus\algorithm_wiki\algowiki1901_rich_v1_third_pass\metadata_probe_recovered\AW-001015-TP0181.meta.yaml,True,True,True,True,True,True,True,True,True,True,True,True,True,ACCEPT,NONE,,"Rich public card passes shape, leakage, source-trace, and semantic checks."
AW-001018-TP0182,probe,corpus\algorithm_wiki\algowiki1901_rich_v1_third_pass\public_probe_recovered\AW-001018-TP0182.yaml,corpus\algorithm_wiki\algowiki1901_rich_v1_third_pass\metadata_probe_recovered\AW-001018-TP0182.meta.yaml,True,True,True,True,True,True,True,True,True,True,True,True,True,ACCEPT,NONE,,"Rich public card passes shape, leakage, source-trace, and semantic checks."
AW-001018-TP0183,probe,corpus\algorithm_wiki\algowiki1901_rich_v1_third_pass\public_probe_recovered\AW-001018-TP0183.yaml,corpus\algorithm_wiki\algowiki1901_rich_v1_third_pass\metadata_probe_recovered\AW-001018-TP0183.meta.yaml,True,True,True,True,True,True,True,True,True,True,True,True,True,ACCEPT,NONE,,"Rich public card passes shape, leakage, source-trace, and semantic checks."
AW-001020-TP0184,probe,corpus\algorithm_wiki\algowiki1901_rich_v1_third_pass\public_probe_recovered\AW-001020-TP0184.yaml,corpus\algorithm_wiki\algowiki1901_rich_v1_third_pass\metadata_probe_recovered\AW-001020-TP0184.meta.yaml,True,True,True,True,True,True,True,True,True,True,True,True,True,ACCEPT,NONE,,"Rich public card passes shape, leakage, source-trace, and semantic checks."
AW-001020-TP0185,probe,corpus\algorithm_wiki\algowiki1901_rich_v1_third_pass\public_probe_recovered\AW-001020-TP0185.yaml,corpus\algorithm_wiki\algowiki1901_rich_v1_third_pass\metadata_probe_recovered\AW-001020-TP0185.meta.yaml,True,True,True,True,True,True,True,True,True,True,True,True,True,ACCEPT,NONE,,"Rich public card passes shape, leakage, source-trace, and semantic checks."
AW-001047-TP0186,probe,corpus\algorithm_wiki\algowiki1901_rich_v1_third_pass\public_probe_recovered\AW-001047-TP0186.yaml,corpus\algorithm_wiki\algowiki1901_rich_v1_third_pass\metadata_probe_recovered\AW-001047-TP0186.meta.yaml,True,True,True,True,True,True,True,True,True,True,True,True,True,ACCEPT,NONE,,"Rich public card passes shape, leakage, source-trace, and semantic checks."
AW-001174-TP0187,probe,corpus\algorithm_wiki\algowiki1901_rich_v1_third_pass\public_probe_recovered\AW-001174-TP0187.yaml,corpus\algorithm_wiki\algowiki1901_rich_v1_third_pass\metadata_probe_recovered\AW-001174-TP0187.meta.yaml,True,True,True,True,True,True,True,True,True,True,True,True,True,ACCEPT,NONE,,"Rich public card passes shape, leakage, source-trace, and semantic checks."
AW-001201-TP0188,probe,corpus\algorithm_wiki\algowiki1901_rich_v1_third_pass\public_probe_recovered\AW-001201-TP0188.yaml,corpus\algorithm_wiki\algowiki1901_rich_v1_third_pass\metadata_probe_recovered\AW-001201-TP0188.meta.yaml,True,True,True,True,True,True,True,True,True,True,True,True,True,ACCEPT,NONE,,"Rich public card passes shape, leakage, source-trace, and semantic checks."
AW-001226-TP0189,probe,corpus\algorithm_wiki\algowiki1901_rich_v1_third_pass\public_probe_recovered\AW-001226-TP0189.yaml,corpus\algorithm_wiki\algowiki1901_rich_v1_third_pass\metadata_probe_recovered\AW-001226-TP0189.meta.yaml,True,True,True,True,True,True,True,True,True,True,True,True,True,ACCEPT,NONE,,"Rich public card passes shape, leakage, source-trace, and semantic checks."
AW-001257-TP0190,probe,corpus\algorithm_wiki\algowiki1901_rich_v1_third_pass\public_probe_recovered\AW-001257-TP0190.yaml,corpus\algorithm_wiki\algowiki1901_rich_v1_third_pass\metadata_probe_recovered\AW-001257-TP0190.meta.yaml,True,True,True,True,True,True,True,True,True,True,True,True,True,ACCEPT,NONE,,"Rich public card passes shape, leakage, source-trace, and semantic checks."
AW-001265-TP0191,probe,corpus\algorithm_wiki\algowiki1901_rich_v1_third_pass\public_probe_recovered\AW-001265-TP0191.yaml,corpus\algorithm_wiki\algowiki1901_rich_v1_third_pass\metadata_probe_recovered\AW-001265-TP0191.meta.yaml,True,True,True,True,True,True,True,True,True,True,True,True,True,ACCEPT,NONE,,"Rich public card passes shape, leakage, source-trace, and semantic checks."
AW-001265-TP0192,probe,corpus\algorithm_wiki\algowiki1901_rich_v1_third_pass\public_probe_recovered\AW-001265-TP0192.yaml,corpus\algorithm_wiki\algowiki1901_rich_v1_third_pass\metadata_probe_recovered\AW-001265-TP0192.meta.yaml,True,True,True,True,True,True,True,True,True,True,True,True,True,ACCEPT,NONE,,"Rich public card passes shape, leakage, source-trace, and semantic checks."
AW-001351-TP0193,probe,corpus\algorithm_wiki\algowiki1901_rich_v1_third_pass\public_probe_recovered\AW-001351-TP0193.yaml,corpus\algorithm_wiki\algowiki1901_rich_v1_third_pass\metadata_probe_recovered\AW-001351-TP0193.meta.yaml,True,True,True,True,True,True,True,True,True,True,True,True,True,ACCEPT,NONE,,"Rich public card passes shape, leakage, source-trace, and semantic checks."
AW-001355-TP0194,probe,corpus\algorithm_wiki\algowiki1901_rich_v1_third_pass\public_probe_recovered\AW-001355-TP0194.yaml,corpus\algorithm_wiki\algowiki1901_rich_v1_third_pass\metadata_probe_recovered\AW-001355-TP0194.meta.yaml,True,True,True,True,True,True,True,True,True,True,True,True,True,ACCEPT,NONE,,"Rich public card passes shape, leakage, source-trace, and semantic checks."
AW-001691-TP0195,probe,corpus\algorithm_wiki\algowiki1901_rich_v1_third_pass\public_probe_recovered\AW-001691-TP0195.yaml,corpus\algorithm_wiki\algowiki1901_rich_v1_third_pass\metadata_probe_recovered\AW-001691-TP0195.meta.yaml,True,True,True,True,True,True,True,True,True,True,True,True,True,ACCEPT,NONE,,"Rich public card passes shape, leakage, source-trace, and semantic checks."
AW-001691-TP0196,probe,corpus\algorithm_wiki\algowiki1901_rich_v1_third_pass\public_probe_recovered\AW-001691-TP0196.yaml,corpus\algorithm_wiki\algowiki1901_rich_v1_third_pass\metadata_probe_recovered\AW-001691-TP0196.meta.yaml,True,True,True,True,True,True,True,True,True,True,True,True,True,ACCEPT,NONE,,"Rich public card passes shape, leakage, source-trace, and semantic checks."
AW-001782-TP0197,probe,corpus\algorithm_wiki\algowiki1901_rich_v1_third_pass\public_probe_recovered\AW-001782-TP0197.yaml,corpus\algorithm_wiki\algowiki1901_rich_v1_third_pass\metadata_probe_recovered\AW-001782-TP0197.meta.yaml,True,True,True,True,True,True,True,True,True,True,True,True,True,ACCEPT,NONE,,"Rich public card passes shape, leakage, source-trace, and semantic checks."
AW-001828-TP0198,probe,corpus\algorithm_wiki\algowiki1901_rich_v1_third_pass\public_probe_recovered\AW-001828-TP0198.yaml,corpus\algorithm_wiki\algowiki1901_rich_v1_third_pass\metadata_probe_recovered\AW-001828-TP0198.meta.yaml,True,True,True,True,True,True,True,True,True,True,True,True,True,ACCEPT,NONE,,"Rich public card passes shape, leakage, source-trace, and semantic checks."
AW-001877-TP0199,probe,corpus\algorithm_wiki\algowiki1901_rich_v1_third_pass\public_probe_recovered\AW-001877-TP0199.yaml,corpus\algorithm_wiki\algowiki1901_rich_v1_third_pass\metadata_probe_recovered\AW-001877-TP0199.meta.yaml,True,True,True,True,True,True,True,True,True,True,True,True,True,ACCEPT,NONE,,"Rich public card passes shape, leakage, source-trace, and semantic checks."
